{"cameraMode":{"drawMode":0,"name":"Shaded","section":"Shading Mode"},"sceneLighting":true,"audioPlay":false,"sceneViewState":{"showFog":true,"showMaterialUpdate":false,"showSkybox":true,"showFlares":true,"showImageEffects":true,"showParticleSystems":true},"in2DMode":false,"pivot":{"x":65.35819244384766,"y":-5.113682270050049,"z":251.23614501953126},"rotation":{"x":-0.172836571931839,"y":0.002951612463220954,"z":-0.0005181884625926614,"w":-0.984946072101593},"size":58.214263916015628,"orthographic":false}