{"cameraMode":{"drawMode":0,"name":"Shaded","section":"Shading Mode"},"sceneLighting":false,"audioPlay":false,"sceneViewState":{"showFog":true,"showMaterialUpdate":false,"showSkybox":false,"showFlares":true,"showImageEffects":true,"showParticleSystems":true},"in2DMode":false,"pivot":{"x":58.045047760009769,"y":-0.04999995231628418,"z":190.1300048828125},"rotation":{"x":-0.03125948831439018,"y":0.9290768504142761,"z":-0.08076247572898865,"w":-0.3596060872077942},"size":3.775869607925415,"orthographic":false}